{"fonts/GreatVibes-Regular.ttf":["fonts/GreatVibes-Regular.ttf"],"fonts/IndieFlower-Regular.ttf":["fonts/IndieFlower-Regular.ttf"],"fonts/LXGWWenKaiTC-Regular.ttf":["fonts/LXGWWenKaiTC-Regular.ttf"],"fonts/Pacifico-Regular.ttf":["fonts/Pacifico-Regular.ttf"],"images/1.png":["images/1.png"],"images/11.png":["images/11.png"],"images/12.png":["images/12.png"],"images/13.png":["images/13.png"],"images/14.png":["images/14.png"],"images/15.png":["images/15.png"],"images/16.png":["images/16.png"],"images/17.jpg":["images/17.jpg"],"images/18.png":["images/18.png"],"images/19.png":["images/19.png"],"images/2.png":["images/2.png"],"images/3.png":["images/3.png"],"images/4.png":["images/4.png"],"images/5.png":["images/5.png"],"images/6.png":["images/6.png"],"images/7.png":["images/7.png"],"images/8.png":["images/8.png"],"images/9.png":["images/9.png"],"images/bg.jpg":["images/bg.jpg"],"images/wepp blue bg.jpg":["images/wepp blue bg.jpg"],"packages/cupertino_icons/assets/CupertinoIcons.ttf":["packages/cupertino_icons/assets/CupertinoIcons.ttf"]}