[{"family":"MaterialIcons","fonts":[{"asset":"fonts/MaterialIcons-Regular.otf"}]},{"family":"Pacifico","fonts":[{"asset":"fonts/Pacifico-Regular.ttf"}]},{"family":"GreatVibes","fonts":[{"asset":"fonts/GreatVibes-Regular.ttf"}]},{"family":"LXGWWenKaiTC","fonts":[{"asset":"fonts/LXGWWenKaiTC-Regular.ttf"}]},{"family":"IndideFlower","fonts":[{"asset":"fonts/IndieFlower-Regular.ttf"}]},{"family":"packages/cupertino_icons/CupertinoIcons","fonts":[{"asset":"packages/cupertino_icons/assets/CupertinoIcons.ttf"}]}]